{"sAaUxLVA:E7wLyUfn@45.140.175.96:63984": 1743713093.109955, "sAaUxLVA:E7wLyUfn@45.149.135.2:62350": 1743715506.250433}